product_id,purchases,views,conversion_rate
prod_2,80,57,140.350877192982456
prod_3,70,61,114.754098360655737
prod_1,61,60,101.666666666666666
prod_4,62,62,100.000000000000000